Alpha,Beta,Gamma,MAP@20,NDCG@20
1,1,0,0.572153149,0.675518338
0.5,0.5,0,0.470926053,0.556003556
1,0.5,0,0.510169891,0.602337185
