Alpha,Beta,Gamma,MAP@20,NDCG@20
1,1,0.5,0.612203869402012,0.722804622287043
0.5,0.5,0.5,0.556548972,0.657095112
1,0.5,0,0.624447947,0.737260715
